0.42092794,0.5896304,1.0,0.32545653,0.36866018,0.87536025,0.14864877,0.06839979,0.671492,0.0,0.0,0.5456242,0.44573435,0.8885684,0.71242094,0.34705502,0.8300502,0.38046324,0.28857613,1.0,0.18934152,0.23797692,0.8444234,0.07670579,0.57512707,0.8030334,0.70048225,0.57529354,0.73162806,0.3598484,0.60653704,0.9101668,0.13659118,0.60135597,0.73499614,0.0,0.7021229,0.6494559,0.71518195,0.7521272,0.54516256,0.4080185,0.8015339,0.7003702,0.19922854,0.80570334,0.52734137,0.06511998,0.809559,0.3332431,0.74870974,0.9071768,0.1630205,0.4884032,0.9808223,0.20476285,0.33678764,1.0,0.011761113,0.2340147
0.42115843,0.5945216,1.0,0.3256455,0.37212947,0.8754125,0.14863709,0.07027541,0.6716644,0.0,0.0,0.545658,0.44588816,0.8899382,0.7123477,0.34706214,0.8285135,0.38058302,0.2885524,1.0,0.18948832,0.23792675,0.84618586,0.07676971,0.5753993,0.80415845,0.7004213,0.57540435,0.7297566,0.3599634,0.6066244,0.91013473,0.13671573,0.60159713,0.7377467,0.0,0.7025219,0.6505872,0.7151565,0.7523224,0.54272723,0.40809596,0.8015613,0.69814885,0.19925773,0.8058,0.5266571,0.06507585,0.81007755,0.3343315,0.7487864,0.90747327,0.16171782,0.4885406,0.98084795,0.20453966,0.3368287,1.0,0.0129120955,0.23395833
0.42118725,0.5987127,1.0,0.32568738,0.37504417,0.8754367,0.14862378,0.07155109,0.6717411,0.0,0.0,0.5456598,0.44590238,0.8920123,0.7122931,0.34701207,0.8281028,0.38061702,0.28848127,1.0,0.1895137,0.23785864,0.84691495,0.07674339,0.57548547,0.8060613,0.70038617,0.5754198,0.7293088,0.36001697,0.60660046,0.91024524,0.1367607,0.6016275,0.73865986,0.0,0.7026829,0.65243626,0.71515685,0.75239664,0.5418118,0.40814424,0.801548,0.69684684,0.19926116,0.805843,0.5257312,0.0650476,0.81031024,0.3359761,0.7488649,0.907613,0.1616639,0.48866567,0.98084784,0.20514601,0.33690095,1.0,0.014126052,0.23397626
0.42118782,0.60133094,1.0,0.32570398,0.37682176,0.8754569,0.14863303,0.0721728,0.6717978,0.0,0.0,0.54571086,0.44590846,0.8935433,0.7122691,0.34700146,0.8281,0.38063952,0.28845108,1.0,0.18953262,0.23782931,0.84703624,0.07674793,0.5755191,0.80750895,0.7003785,0.5754379,0.729282,0.36005616,0.6066175,0.9104521,0.13679233,0.6017131,0.7394062,0.0,0.7027449,0.6538487,0.71517354,0.7524437,0.5416794,0.40819725,0.8015659,0.6963841,0.19929971,0.8058856,0.5250892,0.06508723,0.8104014,0.33722562,0.74892825,0.9076751,0.16177313,0.48876214,0.9808477,0.20530257,0.33697733,1.0,0.014261927,0.23404253
0.42111996,0.6052852,1.0,0.3256736,0.37960654,0.87548804,0.1486133,0.073310256,0.67188364,0.0,0.0,0.5457673,0.445852,0.89568996,0.71223927,0.3469633,0.8280901,0.3806819,0.28843343,1.0,0.18956718,0.2378467,0.84739727,0.0767518,0.57550216,0.8096462,0.70037514,0.57540965,0.729147,0.36012053,0.60659975,0.9104003,0.13684286,0.6018254,0.7403607,0.0,0.7027691,0.6560963,0.71520835,0.75246567,0.54197955,0.40830356,0.8015558,0.69640917,0.19939996,0.80591154,0.52504706,0.065190844,0.810471,0.33950475,0.7490332,0.9077285,0.16245954,0.4889258,0.9808351,0.20589727,0.33712283,1.0,0.0148003455,0.23418598
0.42099333,0.6102054,1.0,0.32556373,0.3832463,0.8755296,0.14853814,0.07487062,0.671972,0.0,0.0,0.54580176,0.44574416,0.8985926,0.712191,0.3469058,0.82830423,0.3806871,0.28842533,1.0,0.18954115,0.2379065,0.8477165,0.07668,0.57542515,0.8125444,0.70035946,0.57534564,0.72952074,0.3601706,0.60654217,0.9107194,0.13687526,0.60187113,0.74115115,0.0,0.70272446,0.6591143,0.71523976,0.7524778,0.54300267,0.40842313,0.80162853,0.69761693,0.19952361,0.80610764,0.5265145,0.065298595,0.8104665,0.34252158,0.74914896,0.9077382,0.16348279,0.48910487,0.9808089,0.2065201,0.33728844,1.0,0.014982114,0.23436557
0.42073402,0.6183503,1.0,0.3253551,0.38917965,0.8755846,0.14843436,0.07718493,0.6720725,0.0,0.0,0.54583126,0.44553632,0.9031963,0.71210164,0.3468036,0.82835543,0.38068688,0.28844225,1.0,0.1894799,0.23805661,0.8485889,0.07651779,0.57527643,0.81705767,0.7003294,0.57527304,0.729387,0.36024538,0.6065588,0.9100197,0.13691509,0.6020948,0.7407725,0.0,0.7026349,0.6637528,0.7152948,0.75251263,0.5439395,0.40862337,0.8017923,0.69842887,0.19972695,0.80646586,0.5272214,0.06549467,0.8104433,0.3470705,0.7493542,0.907762,0.16450338,0.48942375,0.98078793,0.2067651,0.33758923,1.0,0.014206131,0.23470093
0.42058724,0.6227581,1.0,0.32519424,0.39259994,0.8756236,0.14833112,0.07866095,0.67212135,0.0,0.0,0.5458076,0.4454197,0.9051695,0.71205086,0.34672016,0.82781196,0.3807199,0.2884112,1.0,0.18949287,0.23808914,0.84984756,0.076447695,0.57520795,0.81895924,0.70031357,0.5752211,0.7287881,0.36032194,0.6065588,0.90997386,0.13698342,0.60225487,0.74213964,0.0,0.7026139,0.6657564,0.7153298,0.75257635,0.5440293,0.4087784,0.8020323,0.69971395,0.19990045,0.8069978,0.530453,0.06558548,0.81047,0.3491339,0.7494818,0.90779513,0.16462936,0.48962912,0.9807741,0.20684211,0.33777913,1.0,0.014169316,0.23489004
0.42043665,0.6282113,1.0,0.32503182,0.396746,0.8756753,0.14822586,0.08039243,0.67220354,0.0,0.0,0.5458226,0.44530714,0.90818506,0.712005,0.34662163,0.8278198,0.38075662,0.288337,1.0,0.18950689,0.23806012,0.85053957,0.0764068,0.5751409,0.8217954,0.700305,0.5751685,0.7285683,0.36040172,0.60656774,0.909856,0.13704526,0.60244155,0.74319685,0.0,0.70259017,0.66856647,0.71537435,0.75261515,0.54433817,0.40893444,0.8022239,0.7007199,0.20006122,0.80747813,0.5331354,0.065672085,0.81048656,0.35180342,0.7496227,0.90780604,0.16497287,0.4898514,0.9807363,0.20697947,0.3379833,1.0,0.014178279,0.23509073
0.4203609,0.6321931,1.0,0.32494515,0.3996692,0.87571144,0.14817108,0.081474885,0.67226464,0.0,0.0,0.5458566,0.44526318,0.91074944,0.71196437,0.34659028,0.82819206,0.3807475,0.28832304,1.0,0.18947122,0.23806417,0.8503058,0.076360434,0.57511204,0.8240812,0.70028806,0.5751591,0.7285412,0.3604215,0.6065908,0.9092209,0.1370427,0.6025156,0.7420963,0.0,0.7025731,0.6706266,0.7153927,0.75261986,0.5443752,0.4090018,0.8022686,0.70045173,0.20011576,0.80759245,0.5326304,0.06572304,0.81047535,0.35345498,0.7497053,0.9077947,0.16462721,0.48997718,0.98071325,0.2060388,0.338097,1.0,0.0126511315,0.23521769
0.42033973,0.6368998,1.0,0.3248873,0.40309706,0.8757462,0.14811136,0.08275088,0.6723164,0.0,0.0,0.54585093,0.44525644,0.9139866,0.71191233,0.34652874,0.8286865,0.38073465,0.28823635,1.0,0.18942958,0.23796037,0.8496721,0.07632257,0.5751451,0.82683945,0.7002546,0.57515806,0.72862405,0.3604356,0.60657734,0.9088661,0.13703212,0.6024984,0.7409175,0.0,0.70264304,0.6729114,0.71539193,0.75268966,0.54369915,0.40903726,0.80234873,0.6985151,0.20012018,0.8076653,0.5291085,0.06576757,0.8105696,0.35491848,0.7497734,0.9078524,0.16341068,0.49007884,0.98072195,0.20399758,0.33816776,1.0,0.009674436,0.23530202
0.42038476,0.64085627,1.0,0.3249351,0.40571612,0.8757693,0.14814526,0.083455175,0.6723694,0.0,0.0,0.5459082,0.44528088,0.9167801,0.71187526,0.34647384,0.8291116,0.38074806,0.28814298,1.0,0.18942927,0.2378378,0.8488851,0.0763414,0.57521164,0.8292236,0.70022523,0.5751788,0.7286999,0.36046037,0.60661495,0.9088764,0.13704154,0.6025836,0.7406603,0.0,0.7027527,0.6748699,0.7153814,0.75277376,0.5432509,0.40907148,0.8024279,0.6973312,0.20013754,0.8077326,0.5267103,0.065816164,0.81071424,0.35609466,0.74981326,0.90795326,0.16244234,0.49015716,0.9807678,0.20254457,0.33822608,1.0,0.00727821,0.23537825
0.42042753,0.64506304,1.0,0.3249784,0.4085711,0.87578464,0.1481717,0.08433524,0.6723969,0.0,0.0,0.54590875,0.44533187,0.91970366,0.71183676,0.3464466,0.82960534,0.38075566,0.2880761,1.0,0.18941998,0.23773499,0.8480604,0.076351814,0.5753363,0.83173877,0.70020103,0.5752652,0.7288394,0.36048818,0.6067124,0.9088962,0.13705124,0.6027175,0.74043006,0.0,0.70294917,0.6769775,0.7153832,0.75291336,0.54267395,0.4090988,0.80251765,0.69601744,0.20012261,0.80783826,0.5248874,0.06579823,0.810968,0.35746673,0.74987274,0.9081429,0.16153753,0.4902357,0.98084074,0.20108648,0.338256,1.0,0.0050694523,0.23541002
0.42043427,0.6474072,1.0,0.32499734,0.41013005,0.8757868,0.14820533,0.084698245,0.67238975,0.0,0.0,0.54589856,0.44534403,0.9213738,0.711823,0.34640166,0.82990456,0.3807735,0.28799945,1.0,0.18943179,0.23763433,0.84761256,0.07637557,0.57540464,0.8331952,0.700195,0.5753119,0.7289519,0.3605162,0.60678303,0.90907353,0.13707082,0.6028442,0.74083316,0.0,0.70307285,0.6782143,0.7153906,0.75299394,0.5424745,0.4091248,0.80259633,0.6959923,0.20012361,0.8080245,0.5257419,0.06575042,0.8111373,0.3582926,0.74991035,0.9082511,0.16109003,0.49027506,0.9808548,0.20047945,0.3382533,1.0,0.0044742743,0.23538516
0.42046863,0.6504979,1.0,0.3250454,0.41217265,0.87579453,0.14826305,0.08515843,0.67239547,0.0,0.0,0.5459109,0.44538623,0.92357177,0.71181065,0.34636283,0.83028215,0.38080564,0.28792185,1.0,0.18945466,0.23753497,0.8472778,0.076401636,0.575522,0.8351079,0.7001926,0.57541215,0.7291897,0.36056775,0.60695565,0.9096791,0.13711692,0.6031442,0.7422794,0.0,0.70326376,0.6798409,0.7154047,0.7531416,0.5420631,0.40916315,0.80273867,0.6952074,0.20013243,0.80825937,0.5253265,0.065731175,0.8113884,0.35940185,0.7499621,0.90840334,0.16049537,0.49032512,0.9808654,0.1996533,0.33824152,1.0,0.003837872,0.23533678
0.42056546,0.65419376,1.0,0.3250935,0.41482773,0.8758329,0.14828493,0.0859783,0.67245823,0.0,0.0,0.545973,0.44548282,0.92597634,0.7117897,0.34637573,0.8305001,0.38084254,0.28791896,1.0,0.1894749,0.23753048,0.847368,0.076400116,0.5756803,0.83711076,0.70018154,0.57553035,0.7286982,0.3606061,0.60712224,0.9086704,0.13713475,0.60340375,0.7413581,0.0,0.70348215,0.6814703,0.71541286,0.7533262,0.5418209,0.4092379,0.8029481,0.695269,0.20020358,0.80855083,0.52589357,0.065774284,0.81165105,0.36043248,0.7500175,0.90855867,0.15940818,0.49039528,0.980888,0.19814026,0.33825722,1.0,0.002243095,0.23532958
0.42058626,0.6566124,1.0,0.32509384,0.41657436,0.8758513,0.14830156,0.08644097,0.6724726,0.0,0.0,0.5459916,0.44552255,0.9275191,0.71177536,0.34637323,0.83059853,0.38085812,0.28791732,1.0,0.18947211,0.23754299,0.84771687,0.07636495,0.5757674,0.83840734,0.7001783,0.5756059,0.72838384,0.3606312,0.607232,0.90795773,0.1371451,0.60357106,0.74067736,0.0,0.7036136,0.682548,0.71542686,0.75347596,0.54191995,0.40930682,0.8031603,0.69587535,0.20028205,0.8088441,0.5270401,0.06582875,0.8118146,0.36117238,0.75006634,0.90868694,0.15891674,0.49046308,0.98094296,0.19736739,0.3382995,1.0,0.0011303702,0.23537338
0.42052728,0.66063064,1.0,0.324997,0.4196169,0.87588286,0.14827183,0.087358974,0.67248327,0.0,0.0,0.5459909,0.4454907,0.9302082,0.7117517,0.34629527,0.8309964,0.38087466,0.28784847,1.0,0.18945919,0.23749553,0.8478337,0.076321706,0.575794,0.8407253,0.70017225,0.57563573,0.7282644,0.36067054,0.607343,0.9073165,0.13716455,0.6037956,0.7401429,0.0,0.70369434,0.6845347,0.7154478,0.7535734,0.5420436,0.40939397,0.8033331,0.6961913,0.20036918,0.80912995,0.52778286,0.06589135,0.81193346,0.36263156,0.7501411,0.90878016,0.15856473,0.49058065,0.9809787,0.1967251,0.33839574,1.0,4.6428573E-5,0.23547208
0.42051816,0.6641311,1.0,0.3249395,0.42263407,0.87590605,0.14824595,0.08909275,0.67248625,0.0,0.0011037361,0.54597723,0.4455231,0.93240595,0.7117198,0.3463113,0.8314331,0.3808562,0.28788206,1.0,0.18940622,0.23755243,0.8480924,0.07623595,0.57587075,0.8426841,0.7001594,0.5757318,0.72834456,0.36067748,0.60747737,0.9064389,0.13714936,0.60394996,0.73864084,0.0,0.70381016,0.6863416,0.71546257,0.7537248,0.5423279,0.40944493,0.8035782,0.69642246,0.20040792,0.8095106,0.52866304,0.065896295,0.81207365,0.3642682,0.75020534,0.9088768,0.15877809,0.49065512,0.9809948,0.19662796,0.33842936,1.0,0.0,0.23548716
0.42050374,0.66653675,1.0,0.32486218,0.42484725,0.8759334,0.14817135,0.090517305,0.6725094,0.0,0.0017348947,0.54595,0.4455312,0.933882,0.71170324,0.34630907,0.8317644,0.38085935,0.28788808,1.0,0.18939511,0.2375635,0.848061,0.07621878,0.57590514,0.8440068,0.70015466,0.5757678,0.72837895,0.3606932,0.6075385,0.9059661,0.13715164,0.6040465,0.7381061,0.0,0.70386773,0.68757707,0.71547544,0.75377995,0.5423138,0.40947643,0.80364746,0.69592524,0.20042366,0.8096242,0.5282034,0.06590637,0.81214577,0.36541736,0.75025094,0.90891516,0.15890785,0.49071205,0.9809853,0.19650829,0.3384614,1.0,0.0,0.23550586
0.42053583,0.6703425,1.0,0.32478052,0.42843154,0.8759852,0.14806026,0.0930347,0.67257667,0.0,0.0029942507,0.5459439,0.44559437,0.9361295,0.7116761,0.34636524,0.83222413,0.3808635,0.28797132,1.0,0.1893732,0.2376713,0.8482899,0.07617292,0.5760012,0.84604704,0.70014614,0.57587147,0.7283815,0.36071637,0.6076873,0.90506166,0.1371534,0.6042561,0.7370937,0.0,0.7039925,0.68953604,0.7154945,0.75390637,0.5426625,0.4095399,0.8037997,0.6959069,0.20047532,0.80983484,0.5284094,0.065947376,0.81228715,0.36734205,0.7503214,0.9090002,0.15927486,0.4908016,0.9809878,0.19640973,0.3385133,1.0,0.0,0.23554388
0.4206067,0.6729471,1.0,0.324772,0.43075812,0.8760215,0.14800932,0.09453785,0.6726337,0.0,0.00366997,0.54596317,0.44567528,0.93782693,0.7116569,0.34642476,0.832599,0.38086388,0.28802964,1.0,0.18935664,0.23773658,0.8482412,0.076147586,0.5761069,0.8475974,0.7001371,0.5759746,0.72853106,0.36072767,0.6078102,0.9046533,0.13715012,0.60440844,0.7364283,0.0,0.70412135,0.69099045,0.7155014,0.7540356,0.5431833,0.40958324,0.8039451,0.6965386,0.20051694,0.81001437,0.5292271,0.065978736,0.8124334,0.36865485,0.7503607,0.90910685,0.15960652,0.4908549,0.98102576,0.1965583,0.3385424,1.0,0.0,0.2355689
0.42079479,0.6777036,1.0,0.32479,0.43540812,0.8760853,0.14792489,0.09823351,0.6727301,0.0,0.0061062663,0.5459949,0.44584692,0.94093364,0.71162003,0.3465189,0.83352107,0.38086113,0.28808358,1.0,0.18933114,0.23777223,0.8478787,0.076130114,0.5763218,0.8505326,0.70010805,0.57613474,0.72925055,0.36072826,0.6079327,0.90417504,0.13712369,0.604503,0.7351245,0.0,0.7043806,0.6938785,0.71549094,0.754271,0.5440753,0.40960547,0.80415815,0.6962656,0.20051713,0.8101922,0.52795124,0.06601255,0.8127301,0.37150586,0.7503972,0.90932506,0.16079855,0.49090472,0.98112065,0.1970871,0.33854944,1.0,0.0,0.23558688
0.42093304,0.6815578,1.0,0.3247407,0.43952522,0.87613446,0.14778574,0.10177037,0.6727723,0.0,0.008277668,0.5459184,0.44597578,0.9434801,0.7115913,0.34656873,0.8343813,0.38085848,0.2880886,1.0,0.18931285,0.23774463,0.8473387,0.076132536,0.57651275,0.85296166,0.7000851,0.57626766,0.7300515,0.36072952,0.6080175,0.9041376,0.13710447,0.60454655,0.73452157,0.0,0.7046342,0.6962951,0.71548176,0.75451493,0.54496765,0.40962148,0.80438346,0.69614196,0.20051646,0.8103673,0.5268533,0.06604682,0.8130371,0.37393662,0.750424,0.9095766,0.16200656,0.4909374,0.9812517,0.1977199,0.33854288,1.0,0.0,0.23559797
0.42136428,0.68899035,1.0,0.32486406,0.4478559,0.8762178,0.14770156,0.109972894,0.6728677,0.0,0.0149359545,0.54589546,0.44640893,0.94788307,0.7115395,0.3468444,0.83639896,0.38084245,0.288274,1.0,0.18926832,0.23785435,0.84685266,0.07612706,0.57708293,0.857412,0.700044,0.57673436,0.73195684,0.3607098,0.6083803,0.9033574,0.13703996,0.6047775,0.7325128,0.0,0.70533985,0.70118374,0.715465,0.7551334,0.54549205,0.40953144,0.80478394,0.6900437,0.20030679,0.8104542,0.5160554,0.06602224,0.8138538,0.37986648,0.7504682,0.9102735,0.16597028,0.49095306,0.981642,0.19936287,0.3384612,1.0,0.0,0.23559666
0.4222781,0.7002316,1.0,0.32539377,0.46066955,0.87631845,0.14781784,0.12379123,0.67303395,0.0,0.027517686,0.545989,0.44728237,0.95456344,0.71147144,0.3473819,0.84030634,0.3808053,0.2885794,1.0,0.18919612,0.23799315,0.84616345,0.0761413,0.5782072,0.864624,0.69997406,0.57769716,0.73687893,0.36066422,0.6092031,0.90437484,0.13694364,0.605392,0.73235637,0.0,0.70671827,0.70965487,0.7154099,0.75629926,0.5481994,0.40930852,0.8056265,0.68319726,0.19986874,0.811045,0.50533843,0.06575205,0.8154532,0.39097944,0.75047284,0.9115918,0.17410928,0.4908097,0.9823317,0.20207101,0.33810323,1.0,0.0,0.23539393
0.4233723,0.71306014,1.0,0.32609186,0.47497103,0.8764558,0.14802715,0.13914208,0.6733207,0.0,0.041768294,0.54628336,0.44821104,0.9623418,0.7114128,0.3478316,0.8450232,0.3808277,0.2886801,1.0,0.1892172,0.23784614,0.8447653,0.07632101,0.57937455,0.8730678,0.69988465,0.5785542,0.74250835,0.36061114,0.60981554,0.90525186,0.13682987,0.60575676,0.73203665,0.0,0.7081399,0.7195813,0.71530676,0.75735563,0.55118656,0.40901,0.80621266,0.6743887,0.19932903,0.81127465,0.49137387,0.06545294,0.81710786,0.40395242,0.75040823,0.91283834,0.18315482,0.49057233,0.98291105,0.20445241,0.3376337,1.0,0.0,0.23508795
0.4247667,0.7256301,1.0,0.32703495,0.48929253,0.8766082,0.14835364,0.15502828,0.6736604,0.0,0.05679574,0.546667,0.44937482,0.96960276,0.7113641,0.3483798,0.8496193,0.38089234,0.28880197,1.0,0.18929918,0.23767678,0.8440916,0.07655285,0.58083445,0.88114846,0.699785,0.5796618,0.7483152,0.3605747,0.61073726,0.9067628,0.13674755,0.6065034,0.7335205,0.0,0.7099179,0.72938526,0.71517193,0.7588527,0.55667305,0.40879786,0.8074618,0.6717624,0.1989779,0.81232774,0.48645452,0.065264605,0.8191796,0.4172861,0.7502916,0.91439617,0.19274847,0.49025,0.9836443,0.20691402,0.33704883,1.0,0.0,0.23469119
0.42556283,0.7342827,1.0,0.32741547,0.4985403,0.8767605,0.14836651,0.16362989,0.67394435,0.0,0.06356665,0.546928,0.44992286,0.97528887,0.71132076,0.34851164,0.8522275,0.38095596,0.28865534,1.0,0.1893748,0.23736458,0.84287053,0.076731354,0.5815129,0.88706714,0.6996949,0.5800301,0.7513396,0.36054316,0.61090314,0.90719783,0.13667665,0.60653,0.73279595,0.0,0.71075225,0.73589206,0.7150492,0.7594432,0.55971164,0.4086739,0.8078888,0.6711514,0.19878161,0.8126929,0.48450547,0.06513817,0.8201764,0.42484197,0.750184,0.9150714,0.1973275,0.49008015,0.9839286,0.20834258,0.33676097,1.0,0.0,0.23448557
0.42595696,0.73906684,1.0,0.32755938,0.5036617,0.87685573,0.14834243,0.16814587,0.6741075,0.0,0.06706179,0.5470943,0.45015755,0.9785146,0.7112967,0.34851488,0.8535896,0.38099992,0.28849882,1.0,0.18942969,0.2371178,0.8421009,0.07684611,0.58179384,0.89037913,0.6996416,0.5801256,0.7529342,0.36052954,0.61087763,0.907566,0.13664281,0.6064363,0.7325581,0.0,0.71109605,0.7394536,0.71497476,0.7596549,0.5617518,0.40862814,0.8080195,0.672003,0.1987183,0.81277615,0.48470908,0.0651107,0.8205928,0.4288067,0.75011665,0.91533804,0.19968554,0.49000475,0.9840461,0.2092421,0.33664778,1.0,0.0,0.23442446
0.42848,0.76485443,1.0,0.3287536,0.52958286,0.877423,0.14840887,0.1892038,0.675217,0.0,0.08160447,0.54827565,0.45149243,0.9953457,0.7111563,0.3479593,0.86029875,0.38138187,0.28659734,1.0,0.18998177,0.23437664,0.8381718,0.07780576,0.5834277,0.9071565,0.69925016,0.58037513,0.7599786,0.36041725,0.610343,0.90802914,0.13643216,0.6053826,0.7293353,0.0,0.71314234,0.75707537,0.7143795,0.7608052,0.57155484,0.40827632,0.8088542,0.6769424,0.19832867,0.8133637,0.48662135,0.06490655,0.8230948,0.44807917,0.74949354,0.91684026,0.21065392,0.48937932,0.9847678,0.21379624,0.3358462,1.0,0.0,0.23389071
0.42956382,0.77108717,1.0,0.32941028,0.5362454,0.8775956,0.14856018,0.19562356,0.67560816,0.0,0.08691369,0.54873013,0.45207614,0.9990213,0.71113414,0.34776512,0.86180747,0.38157517,0.2859109,1.0,0.19026737,0.23335505,0.83747727,0.07822786,0.58410525,0.9106073,0.69910544,0.5804702,0.76126176,0.36039123,0.6101913,0.9080434,0.13639684,0.60507226,0.72924507,0.0,0.7139569,0.76058626,0.7141232,0.7612529,0.5738556,0.40813512,0.80925965,0.6790304,0.19821611,0.81369776,0.48872083,0.06482891,0.824052,0.45202294,0.7491787,0.917362,0.2127444,0.4890594,0.98502475,0.21456783,0.33547494,1.0,0.0,0.23357871
0.43439066,0.7971585,1.0,0.33183047,0.5678515,0.87866956,0.14826661,0.22923197,0.67794555,0.0,0.106864855,0.55041593,0.45356658,1.0,0.71116227,0.34256214,0.850772,0.38349566,0.27617586,0.9773797,0.19306992,0.22055715,0.8211081,0.08186018,0.58647853,0.909662,0.69829303,0.57916707,0.7491454,0.3608373,0.6091371,0.8922972,0.13692959,0.60504186,0.73496085,0.0,0.7174626,0.76137763,0.71253794,0.7621806,0.5723101,0.40778157,0.8111358,0.685342,0.1982213,0.8169584,0.51962173,0.06424144,0.828538,0.46149325,0.7472056,0.91910535,0.21444222,0.48745862,0.9859155,0.20986696,0.33377188,1.0,0.0,0.23211193
0.42593858,0.8317375,1.0,0.3256624,0.6116174,0.87921685,0.14571431,0.28658968,0.6794203,0.0,0.16665721,0.5523355,0.4430288,1.0,0.7112157,0.32568505,0.8423165,0.38597763,0.25014544,0.9535216,0.1977046,0.18950817,0.82032317,0.08785852,0.573514,0.9146648,0.6980576,0.56211156,0.75147074,0.36160818,0.5879125,0.887325,0.13753296,0.5828268,0.7610517,0.0,0.7022457,0.7777605,0.71208864,0.74418294,0.5863698,0.408213,0.7917299,0.6849434,0.1986445,0.7979317,0.53716534,0.06460903,0.81145215,0.50295085,0.7468887,0.904373,0.24374084,0.4894205,0.9788563,0.20851253,0.3383594,1.0,0.0,0.23861283
0.42629462,0.83253056,1.0,0.32593474,0.61202097,0.87926584,0.14584608,0.28627434,0.67954654,0.0,0.16591212,0.5525235,0.44324026,1.0,0.7112105,0.3254975,0.8411868,0.38607064,0.24953525,0.9518168,0.1978735,0.1886738,0.81884134,0.08807939,0.5738013,0.9148464,0.698024,0.5621796,0.75095195,0.36161116,0.5877758,0.8865516,0.13752505,0.5825779,0.7603148,0.0,0.7026255,0.7782111,0.71203053,0.74442434,0.58610827,0.40817043,0.79184103,0.68418515,0.19858167,0.7979738,0.5362349,0.06455829,0.8119354,0.50374055,0.74682343,0.9046983,0.24403417,0.4893287,0.9789827,0.20853968,0.33820546,1.0,0.0,0.23845193
0.42697284,0.8337748,1.0,0.32644957,0.6124578,0.8793421,0.14610058,0.28518546,0.67973447,0.0,0.16398506,0.55281025,0.44368735,1.0,0.7111953,0.3253391,0.8393501,0.38620356,0.24875607,0.9490604,0.19811752,0.18754214,0.8157726,0.08842903,0.5744212,0.9151617,0.697964,0.562478,0.7499238,0.36160704,0.5877858,0.88498986,0.1375017,0.5824159,0.75840735,0.0,0.70344603,0.7789559,0.71193296,0.74505365,0.5855615,0.40809634,0.792277,0.68280035,0.19847374,0.7982883,0.5342465,0.06447892,0.812972,0.50494236,0.74671793,0.9054564,0.24451646,0.48915875,0.9793159,0.2088177,0.33790153,1.0,0.0,0.2381319
0.4275434,0.8349738,1.0,0.32687047,0.6130067,0.8794066,0.14631562,0.28433087,0.6798801,0.0,0.16235551,0.55303794,0.44403905,1.0,0.7111829,0.32516783,0.83770204,0.38632774,0.24805602,0.9465147,0.19833979,0.186536,0.8127064,0.088757,0.5749418,0.91552687,0.69791025,0.5627151,0.7490085,0.36160782,0.5877793,0.88356596,0.1374852,0.5822828,0.75679797,0.0,0.7041629,0.7798026,0.71184444,0.7456074,0.58531773,0.40803665,0.7926675,0.6819216,0.1983875,0.7985874,0.53296953,0.064414814,0.813902,0.50631464,0.74662226,0.9061646,0.24532445,0.48901564,0.979653,0.20936778,0.33765066,1.0,0.0,0.23789382
0.42783856,0.83567995,1.0,0.3270786,0.6133162,0.87945175,0.14642218,0.2837261,0.6799804,0.0,0.16123626,0.553194,0.44419295,1.0,0.7111781,0.32501182,0.8368135,0.38642064,0.24756321,0.94535714,0.19850662,0.1858485,0.81137097,0.08898898,0.57517684,0.91577935,0.69787997,0.56275904,0.74847627,0.36161333,0.5876354,0.88285506,0.13748033,0.582053,0.7561216,0.0,0.7044972,0.78037167,0.71179247,0.74583954,0.58522415,0.40800652,0.7927881,0.6814629,0.19834459,0.798646,0.5321861,0.064389944,0.8143525,0.5072023,0.74656534,0.9065014,0.24583493,0.48894393,0.9798093,0.2097175,0.33753088,1.0,0.0,0.2377878
0.42823756,0.83639914,1.0,0.3273372,0.6135123,0.8795106,0.1465172,0.28269815,0.68010825,0.0,0.15923569,0.5533531,0.444439,1.0,0.71117055,0.32484588,0.83577335,0.38653934,0.24692087,0.9443973,0.1987302,0.18493095,0.81047815,0.089282826,0.5755352,0.91605115,0.69784594,0.56290996,0.7477662,0.361621,0.5875764,0.8821215,0.13747679,0.5818981,0.75537723,0.0,0.7049883,0.78095436,0.7117367,0.7461957,0.58502775,0.4079736,0.7929805,0.681266,0.19828996,0.7987679,0.53195834,0.064334095,0.81499493,0.5079995,0.74650717,0.9069759,0.24607243,0.48884904,0.9800056,0.20993862,0.3373501,1.0,0.0,0.23759212
0.42867464,0.8371101,1.0,0.32744226,0.6131087,0.8795747,0.14642316,0.2790368,0.6801493,0.0,0.15256652,0.55325013,0.44491127,1.0,0.711168,0.32500622,0.83314097,0.3866987,0.24656431,0.9434477,0.19899215,0.18431881,0.8103236,0.08951755,0.57629687,0.9164043,0.69788384,0.5635428,0.7455007,0.3617332,0.58792233,0.8817393,0.13756824,0.5822824,0.75666296,0.0,0.7060517,0.7815058,0.7118232,0.7472576,0.58379495,0.4081425,0.79386675,0.6827048,0.19842853,0.79980725,0.53567874,0.06433579,0.8163788,0.5078845,0.74666816,0.90809554,0.24429289,0.4889163,0.9803776,0.20948109,0.3371509,1.0,0.0,0.2372111
0.42886385,0.83641034,1.0,0.32749793,0.6115927,0.8795415,0.14644055,0.2754178,0.67998487,0.0,0.1476878,0.552985,0.4453525,1.0,0.71117014,0.32559162,0.83274627,0.38666594,0.24724308,0.94544184,0.19890432,0.18510456,0.81422997,0.08923267,0.57699114,0.91647005,0.69795454,0.56448346,0.7448423,0.36179495,0.5890209,0.88257647,0.13763101,0.5835678,0.75832564,0.0,0.7069825,0.7814103,0.7119626,0.74841005,0.5826259,0.4082643,0.7950565,0.682265,0.19852343,0.8011154,0.53560424,0.06437838,0.8175224,0.506945,0.74686784,0.90908724,0.24269503,0.48897108,0.9807322,0.20886202,0.33696458,1.0,0.0,0.23685129
0.4289418,0.8354586,1.0,0.32746533,0.61072636,0.8794943,0.14637685,0.27406076,0.6797985,0.0,0.14563099,0.5526474,0.44574425,1.0,0.71117663,0.32618058,0.8336939,0.3865741,0.24803051,0.94807565,0.1987401,0.18600456,0.81837445,0.088916324,0.5775614,0.916197,0.69802696,0.56530607,0.74527174,0.36182913,0.5900498,0.88421446,0.13767634,0.5847088,0.7607294,0.0,0.7076988,0.78071445,0.7120973,0.7493614,0.5820885,0.4083641,0.7961407,0.6822847,0.19861664,0.80227757,0.53609085,0.06443247,0.8183285,0.5055701,0.7470434,0.90981877,0.24147443,0.4890238,0.98104036,0.20824635,0.33685318,1.0,0.0,0.23662047
0.42908326,0.8328794,1.0,0.32745743,0.60869455,0.87942076,0.14630015,0.27227223,0.6795406,0.0,0.1436234,0.55220884,0.44621044,1.0,0.71121025,0.3267945,0.8362546,0.38648012,0.2488058,0.95310724,0.19860865,0.18682566,0.8247007,0.088665485,0.5781906,0.91560304,0.6981087,0.5661837,0.74679065,0.36183795,0.59117305,0.88774514,0.1377196,0.5859109,0.76497537,0.0,0.7084527,0.77918285,0.7122144,0.75037104,0.582087,0.40842402,0.7973717,0.6840002,0.19870338,0.8035933,0.5385805,0.06446569,0.81913364,0.50261945,0.74715054,0.91054404,0.23959725,0.48897412,0.98138064,0.20759839,0.3366522,1.0,0.0,0.23628223
0.42895323,0.8318314,1.0,0.32728195,0.60855967,0.8793396,0.14616331,0.2732382,0.6792841,0.0,0.14489919,0.55177873,0.44649568,1.0,0.71121395,0.3274045,0.83805597,0.38634467,0.24967164,0.9562774,0.19840759,0.18778701,0.8288003,0.08837031,0.57854915,0.91510844,0.69819635,0.5669057,0.7476071,0.36186114,0.5922008,0.88943875,0.13775587,0.58706474,0.7672523,0.0,0.70883685,0.7780859,0.71238106,0.7510705,0.5819441,0.4085578,0.7983044,0.68453246,0.1988535,0.8046025,0.5395629,0.06458594,0.8194727,0.50088423,0.74736613,0.9109402,0.23850816,0.48911333,0.98158324,0.20703988,0.3367071,1.0,0.0,0.23625869
0.4289472,0.82856315,1.0,0.32726085,0.6059037,0.8792369,0.14614828,0.2715936,0.6790034,0.0,0.14417301,0.55139,0.44688374,1.0,0.7112611,0.328123,0.8416521,0.3862257,0.25069156,0.96276295,0.19824634,0.1889235,0.83663654,0.088085,0.5789969,0.9144142,0.6983018,0.5676688,0.7497966,0.36186525,0.59322625,0.8938365,0.1378011,0.5881694,0.7724508,0.0,0.7092971,0.77629596,0.7125278,0.75180846,0.58250254,0.40863174,0.79924583,0.6870857,0.19896814,0.8055736,0.54276836,0.06465558,0.81987256,0.49752128,0.747494,0.91140467,0.23695132,0.48912692,0.9818694,0.20685662,0.33665392,1.0,0.0,0.23612384
0.42909116,0.82838804,1.0,0.3273027,0.60548013,0.8792772,0.1460932,0.2703316,0.6790707,0.0,0.14142433,0.5513574,0.44730914,1.0,0.7112603,0.32864147,0.8437184,0.38613185,0.25139913,0.965658,0.19809885,0.1896497,0.8406421,0.08787113,0.57953066,0.9137693,0.6983438,0.5683478,0.7503682,0.36185846,0.59410846,0.89402956,0.13779764,0.5890305,0.77266467,0.0,0.70989794,0.77508104,0.71260947,0.75255275,0.58219486,0.40868393,0.80016553,0.68658215,0.19902515,0.8064775,0.54269433,0.06470077,0.82045025,0.4961613,0.74759734,0.9119573,0.23656198,0.48916805,0.9822285,0.20662786,0.3366297,1.0,0.0,0.23608333
0.42983398,0.8271086,1.0,0.32779127,0.6058767,0.87928015,0.14622782,0.2732596,0.6790622,0.0,0.14559828,0.55130976,0.44809082,1.0,0.711288,0.32925528,0.8475558,0.38611707,0.25215122,0.9712896,0.19808394,0.19033852,0.84766775,0.0878174,0.5803735,0.91271615,0.69833016,0.56904656,0.7519042,0.36180368,0.5948996,0.89570767,0.13777341,0.58964646,0.7742341,0.0,0.7107762,0.7729411,0.7125437,0.7533084,0.5822604,0.408576,0.8009692,0.6870044,0.19894798,0.80704206,0.54309505,0.06464209,0.82126653,0.49333268,0.74745214,0.9125344,0.23543406,0.48891997,0.9826123,0.20607449,0.3363237,1.0,0.0,0.23574077
0.4301867,0.8275766,1.0,0.3279904,0.6068874,0.8793162,0.14622174,0.27492216,0.6791398,0.0,0.14681996,0.5513212,0.44843483,1.0,0.7112722,0.32963046,0.8483315,0.38605365,0.2528013,0.9716995,0.19794671,0.19108005,0.8478521,0.08766058,0.5807683,0.9123069,0.6982963,0.56944335,0.75178313,0.3617645,0.59547216,0.89451474,0.13773507,0.5901959,0.7721914,0.0,0.71121246,0.7722467,0.7124934,0.7536951,0.5819379,0.4085205,0.8014047,0.6861314,0.19889438,0.80737084,0.54187363,0.0646129,0.821699,0.49275023,0.7473891,0.91286576,0.23539682,0.48883143,0.9828522,0.20608956,0.33621073,1.0,0.0,0.235643
0.4311396,0.82748264,1.0,0.3286279,0.607165,0.8793987,0.14636445,0.27565774,0.67935175,0.0,0.14674363,0.5514952,0.44913432,1.0,0.71127516,0.33006972,0.8491982,0.38605878,0.25343862,0.97215205,0.19789742,0.19174977,0.84763056,0.08761939,0.5815992,0.9117605,0.6982095,0.56998837,0.7513445,0.36167917,0.5960365,0.8924415,0.1376499,0.5905802,0.76825756,0.0,0.7121876,0.7711848,0.71231496,0.75439817,0.58119446,0.40832415,0.80203205,0.6846677,0.19869646,0.80775756,0.5394584,0.06446645,0.82277375,0.49139547,0.7471253,0.9135982,0.23487495,0.4884857,0.9832876,0.20611162,0.33578572,1.0,0.0,0.23520829
0.43198797,0.82647276,1.0,0.32915714,0.6068297,0.8793904,0.1464185,0.27624446,0.6793088,0.0,0.14655979,0.5512472,0.4499535,1.0,0.71128803,0.33109358,0.8505009,0.38592947,0.25531045,0.97357005,0.19755061,0.19403048,0.8482602,0.08713708,0.5826622,0.9108759,0.69817644,0.57090104,0.7512252,0.36162418,0.59706366,0.89202803,0.13760735,0.5914757,0.76678586,0.0,0.7134826,0.76929015,0.7122306,0.75555944,0.5796613,0.40819356,0.80316824,0.68277854,0.19855973,0.80864525,0.5365646,0.06436679,0.824213,0.48842615,0.746979,0.91475356,0.23339872,0.48822415,0.9839852,0.20625298,0.33539304,1.0,0.0,0.23476876
0.43217653,0.826412,1.0,0.32928526,0.60657454,0.87939245,0.14647059,0.2755574,0.6793035,0.0,0.14559518,0.55123377,0.4501345,1.0,0.7112813,0.3315348,0.8501353,0.3858552,0.25621593,0.9729793,0.1973565,0.19522116,0.8471089,0.086862944,0.5829157,0.910886,0.698168,0.5711889,0.7507801,0.36160928,0.5974116,0.89116013,0.13758674,0.5918369,0.76519483,0.0,0.71381074,0.769273,0.7122217,0.7559328,0.5792338,0.40817916,0.8035594,0.68177676,0.19854395,0.8089798,0.53446835,0.06439247,0.82461184,0.4882568,0.7469717,0.91510886,0.23338209,0.4881916,0.98418516,0.2066036,0.33531967,1.0,0.0,0.23469606
0.4321939,0.8269637,1.0,0.32928059,0.60680056,0.8794016,0.14646892,0.27503052,0.67930996,0.0,0.14448598,0.5512285,0.45015684,1.0,0.71126246,0.33192396,0.8493041,0.385764,0.25717548,0.97167903,0.19711614,0.19655143,0.84540224,0.08651428,0.5829953,0.9110694,0.6981594,0.5713696,0.7501433,0.361607,0.59771365,0.88991153,0.1375749,0.59222716,0.7634291,0.0,0.71395075,0.7696881,0.7122276,0.7561715,0.5790168,0.4081987,0.8038821,0.6809763,0.19856288,0.8093467,0.53300965,0.06443717,0.82481766,0.4889026,0.747002,0.91532034,0.2338041,0.48821893,0.9842998,0.20696566,0.33532092,1.0,0.0,0.23471405
0.43233585,0.8271131,1.0,0.32932088,0.6069017,0.87942445,0.14643182,0.2747054,0.6793425,0.0,0.14354481,0.5512289,0.4502049,1.0,0.7112529,0.33229288,0.8490213,0.38572103,0.25816262,0.97219354,0.19693749,0.1979435,0.84641033,0.086176604,0.5830778,0.9110926,0.6981319,0.5714965,0.74927616,0.36159623,0.5979965,0.888601,0.13756229,0.59262997,0.7615044,0.0,0.714079,0.7697016,0.71218467,0.75627923,0.5785061,0.40817106,0.80401236,0.6805376,0.19853593,0.8095091,0.5323267,0.06441333,0.8250033,0.48872715,0.7469536,0.915438,0.23341036,0.48816505,0.9843421,0.20698355,0.33524162,1.0,0.0,0.23461348
0.43248937,0.8272182,1.0,0.32934803,0.60707945,0.879457,0.14637853,0.2745235,0.6793908,0.0,0.14278772,0.5512512,0.4502682,1.0,0.71125203,0.3325418,0.84869343,0.38572362,0.25879535,0.97259665,0.19686586,0.19882785,0.8471099,0.08600747,0.5831604,0.911072,0.6981143,0.5715965,0.7484393,0.3616067,0.59822947,0.8878144,0.13757534,0.5930104,0.7607938,0.0,0.71419156,0.76961243,0.71215224,0.7564175,0.5778208,0.4081706,0.8042536,0.67989796,0.19855298,0.8098376,0.53134394,0.06444135,0.8251578,0.48835877,0.74691546,0.91552776,0.23284404,0.48813495,0.9843713,0.20696554,0.33519542,1.0,0.0,0.23454423
0.4326459,0.8275556,1.0,0.32931918,0.6076872,0.87949747,0.1462322,0.27482894,0.679441,0.0,0.14189854,0.55120367,0.4502679,1.0,0.71123844,0.33271778,0.8480524,0.38571095,0.25944227,0.9728727,0.19674121,0.19982421,0.84850454,0.08571006,0.5832023,0.9111556,0.69806993,0.5715931,0.7474998,0.36159036,0.5982799,0.886458,0.137555,0.5931092,0.7587013,0.0,0.7142943,0.7697606,0.71208113,0.75650066,0.5773123,0.4081295,0.80441636,0.67956895,0.19851932,0.81009793,0.53092575,0.06440499,0.82534105,0.4883829,0.74683315,0.9156279,0.2325397,0.48805344,0.98440516,0.20706375,0.335092,1.0,0.0,0.23442617
0.43271935,0.82727605,1.0,0.32919773,0.6080589,0.87951505,0.14599149,0.2755167,0.6794309,0.0,0.14137718,0.5510247,0.45026168,1.0,0.71122795,0.33287892,0.84794134,0.38568652,0.25990793,0.9735883,0.19665734,0.2004888,0.8492416,0.08555193,0.5832216,0.9112253,0.6980438,0.5716816,0.7471831,0.36157522,0.5985044,0.8863526,0.13754739,0.5934295,0.7580436,0.0,0.7143508,0.7698033,0.7120408,0.756589,0.57701355,0.4080934,0.8045745,0.67956996,0.1984884,0.8103286,0.5306331,0.06437317,0.82545215,0.48809296,0.74678284,0.91570306,0.23214659,0.4879876,0.9844259,0.2071797,0.33500385,1.0,0.0,0.234314
0.4331554,0.82894933,1.0,0.3293616,0.61060315,0.8796104,0.14588027,0.27876964,0.6796338,0.0,0.14361049,0.5511552,0.4505114,1.0,0.7112219,0.33312574,0.8469481,0.3857518,0.26040515,0.9720566,0.19667438,0.20113266,0.8476579,0.08554024,0.5835014,0.911265,0.6980036,0.5718118,0.74550855,0.36159703,0.5986835,0.88338464,0.13755183,0.5937258,0.7554008,0.0,0.7146776,0.77009237,0.71197313,0.7567841,0.57633364,0.40809336,0.8047637,0.678224,0.19849357,0.8105325,0.52934164,0.064396,0.8258321,0.4889421,0.7467169,0.9159043,0.23231739,0.4879517,0.9845049,0.20703591,0.33494696,1.0,0.0,0.23427005
0.4333623,0.8296197,1.0,0.32933056,0.6121809,0.87965804,0.14567162,0.2809976,0.67969626,0.0,0.14475045,0.55107033,0.45060322,1.0,0.71122295,0.33321568,0.8463179,0.38578925,0.26070365,0.9716409,0.19666258,0.20158434,0.84794456,0.08544728,0.58363146,0.91117615,0.69798064,0.57187974,0.7444137,0.36161628,0.5988594,0.8819333,0.13756841,0.5940379,0.7543505,0.0,0.7148562,0.76996934,0.7119292,0.75691974,0.57556754,0.40809485,0.8049832,0.6774066,0.19850796,0.81084293,0.5287599,0.06440659,0.82605904,0.4888104,0.74666715,0.91601354,0.23180884,0.48791426,0.9845361,0.20675282,0.33488744,1.0,0.0,0.23418798
0.4336473,0.83134997,1.0,0.329349,0.6148169,0.87972575,0.14550422,0.28405553,0.67979175,0.0,0.14663841,0.55103713,0.4506986,1.0,0.7112252,0.33317542,0.8452258,0.3858753,0.26087546,0.97024626,0.19669124,0.20190182,0.8475369,0.08538991,0.58381516,0.9109773,0.69794196,0.5718981,0.7427442,0.36166885,0.5990476,0.87978595,0.13761869,0.5944604,0.7537515,0.0,0.7151416,0.76978636,0.71185577,0.7571406,0.5745569,0.40812504,0.8054598,0.6767356,0.19856948,0.81161314,0.5298699,0.064415306,0.8264294,0.4889832,0.7465892,0.9161746,0.23122796,0.48786655,0.9845839,0.20609593,0.3348065,1.0,0.0,0.23408252
0.43389884,0.83180404,1.0,0.3294573,0.6153501,0.87975097,0.14552441,0.28414705,0.6798086,0.0,0.14648463,0.5510461,0.45071682,1.0,0.7112374,0.33296055,0.8443778,0.38597456,0.26071554,0.9697945,0.19677603,0.20179963,0.84782624,0.085413,0.583901,0.910647,0.69789666,0.5717211,0.7412363,0.36168575,0.5988426,0.8782586,0.1376352,0.5943003,0.7526956,0.0,0.71531445,0.7691108,0.7117549,0.75718343,0.57314,0.40809175,0.8056377,0.6760621,0.19856147,0.81197083,0.5302108,0.06436831,0.826685,0.4878115,0.74645203,0.91621804,0.22956482,0.48774132,0.98455304,0.20528108,0.33464807,1.0,0.0,0.23384787
0.4344933,0.83287543,1.0,0.3298691,0.61667866,0.87979233,0.14573178,0.28547037,0.67988217,0.0,0.14823595,0.551193,0.4509413,1.0,0.71125114,0.33265525,0.84357715,0.38613483,0.2602506,0.9688485,0.19696344,0.20124038,0.84764624,0.08558968,0.58424056,0.910319,0.6978158,0.5715989,0.73957086,0.3616818,0.5985845,0.8756054,0.13762224,0.59397584,0.7501512,0.0,0.7157983,0.7685692,0.7115825,0.75734645,0.5719441,0.40798828,0.80581075,0.6753033,0.19846696,0.81223303,0.53088,0.06423128,0.8273008,0.4872259,0.7462167,0.9164743,0.22841889,0.4874967,0.9846302,0.20442869,0.3343468,1.0,0.0,0.23349108
0.4347246,0.83289427,1.0,0.33003357,0.61695385,0.87979937,0.14579615,0.28612384,0.6798976,0.0,0.14912891,0.5512147,0.45106027,1.0,0.7112685,0.33259568,0.8436816,0.38619673,0.2601393,0.96903694,0.19704057,0.20109528,0.84816843,0.08566277,0.5844014,0.9101862,0.69780004,0.5716068,0.73941666,0.3616909,0.5985678,0.87555724,0.1376368,0.5939728,0.75069475,0.0,0.7160093,0.7683119,0.71153194,0.7574275,0.5716224,0.40794632,0.80583173,0.6748083,0.19842686,0.81219405,0.530353,0.06420103,0.8275535,0.4868881,0.7461345,0.91660315,0.22809799,0.48740292,0.9846847,0.20419204,0.3342349,1.0,0.0,0.23336513
0.4350134,0.83310556,1.0,0.33021203,0.6176012,0.87980044,0.14583752,0.2872867,0.6798838,0.0,0.15033709,0.5511612,0.4511872,1.0,0.71128047,0.33244652,0.84352696,0.38625902,0.25991213,0.96875274,0.1971075,0.20082808,0.8483822,0.08571225,0.58461577,0.91003114,0.6977654,0.5716068,0.739148,0.36168793,0.598521,0.8751692,0.1376376,0.59389365,0.75060004,0.0,0.716323,0.7680352,0.7114501,0.7575587,0.5712161,0.40787292,0.8058742,0.6741785,0.19834846,0.8121446,0.5297121,0.06413184,0.82795274,0.4865821,0.7460134,0.9168232,0.22771852,0.4872547,0.98477834,0.2038567,0.33404747,1.0,0.0,0.23315485
0.43552744,0.83174425,1.0,0.33054712,0.6168142,0.87980497,0.14593071,0.28728282,0.6798856,0.0,0.1506794,0.5511482,0.45147908,1.0,0.7113229,0.33246925,0.8441538,0.38634285,0.25988784,0.9701472,0.197212,0.20079546,0.85025966,0.08578631,0.5849806,0.9098289,0.6977366,0.5717063,0.7397786,0.36167964,0.598522,0.87701625,0.13765594,0.593852,0.75311923,0.0,0.7167803,0.767431,0.71134174,0.7577807,0.5710424,0.40774223,0.8059575,0.67462105,0.19822094,0.8121324,0.5302645,0.06399853,0.82850236,0.48523012,0.7458155,0.9171335,0.2267788,0.48698837,0.98489934,0.20357724,0.33372962,1.0,0.0,0.23278496
0.43560654,0.83164674,1.0,0.33051723,0.61731637,0.8797978,0.14579198,0.28847593,0.679845,0.0,0.15117653,0.55096185,0.45154813,1.0,0.7113365,0.33247823,0.8440384,0.38635752,0.25989395,0.969814,0.19721782,0.20080914,0.8499534,0.08578151,0.58512706,0.909867,0.69774514,0.5718788,0.7396403,0.36169314,0.5988138,0.87675697,0.13767193,0.5942667,0.75327843,0.0,0.7170055,0.7674998,0.71134347,0.7579799,0.5703579,0.40771338,0.80613786,0.67275685,0.19816712,0.81233037,0.52799505,0.063960224,0.8287975,0.48532876,0.7458086,0.917361,0.2268279,0.48695087,0.98499256,0.20349535,0.33365297,1.0,0.0,0.23269667
0.43578333,0.8317445,1.0,0.33057392,0.61807454,0.8798019,0.14570475,0.2900753,0.67983943,0.0,0.1522844,0.5508445,0.4517421,1.0,0.71134025,0.33259353,0.8440135,0.38635355,0.25995603,0.9694077,0.1972086,0.20084319,0.8496639,0.08576934,0.58539134,0.9099206,0.69775003,0.5721962,0.73967856,0.3616949,0.5992554,0.8763994,0.1376738,0.5947933,0.75300974,0.0,0.7173379,0.76764953,0.7113488,0.7582835,0.5697445,0.40767324,0.80638564,0.6704807,0.19809078,0.8125332,0.5249436,0.06391531,0.8291848,0.48570287,0.7458129,0.9176591,0.22711986,0.48690897,0.98511505,0.20337518,0.33355832,1.0,0.0,0.23259297
0.4359805,0.82963467,1.0,0.33065903,0.61681205,0.8797553,0.14565788,0.29005018,0.67970586,0.0,0.15250044,0.55059814,0.45196465,1.0,0.7113755,0.33277074,0.84539676,0.38634032,0.2600888,0.97169906,0.19721273,0.2009516,0.85207427,0.085759275,0.58568156,0.90987945,0.6977716,0.5725454,0.74123824,0.36167675,0.5996813,0.8792505,0.13768522,0.5952451,0.7560499,0.0,0.71769416,0.7672994,0.71134585,0.7586622,0.57044387,0.4076077,0.8067195,0.67157555,0.19803318,0.81276107,0.525349,0.0638775,0.8295987,0.48464146,0.7457552,0.91801685,0.22693087,0.48675796,0.98529536,0.20360634,0.33335885,1.0,0.0,0.23237
0.4363343,0.8273105,1.0,0.33090505,0.61501473,0.87971914,0.14572269,0.28914863,0.6796176,0.0,0.15189578,0.5504572,0.45222577,1.0,0.71140903,0.33283666,0.846621,0.38634002,0.25995776,0.97324437,0.19725639,0.20070238,0.8529183,0.08584937,0.5860315,0.9100473,0.6977625,0.57290626,0.74295104,0.36161923,0.6000901,0.88158923,0.13765457,0.59561825,0.7574836,0.0,0.7181453,0.7673478,0.71128243,0.7590599,0.57132155,0.4074499,0.8069961,0.6720947,0.19786455,0.8128734,0.52444464,0.0637566,0.8301604,0.48412973,0.7456083,0.91846985,0.22735529,0.48649016,0.9855229,0.2041819,0.3330331,1.0,0.0,0.23204264
0.43664005,0.826039,1.0,0.3311187,0.61413574,0.87971264,0.14578293,0.2889241,0.6796087,0.0,0.15186754,0.5504397,0.45240796,1.0,0.7114299,0.3328947,0.84678984,0.38635594,0.25986317,0.9731309,0.19730422,0.20053966,0.8518673,0.08594901,0.5862627,0.91043687,0.6977492,0.57313,0.74385554,0.36158302,0.60030794,0.8826004,0.1376293,0.59583294,0.7577583,0.0,0.71844476,0.76796114,0.7112288,0.7593341,0.5722815,0.4073501,0.8071718,0.67257905,0.19776349,0.8129293,0.523495,0.06371231,0.8305585,0.4846498,0.7455011,0.9187972,0.22829576,0.48631328,0.9856824,0.20494843,0.33282462,1.0,0.0,0.23186332
0.43683636,0.8255654,1.0,0.33119386,0.6143772,0.87972057,0.14570735,0.29015964,0.6796236,0.0,0.15287217,0.5503842,0.45252806,1.0,0.7114193,0.33301085,0.84660375,0.3863229,0.25993145,0.9725939,0.19726974,0.20060799,0.8506878,0.08593516,0.58638936,0.91084015,0.6977234,0.57333046,0.7445628,0.3615412,0.6005432,0.8831948,0.13759346,0.59605277,0.75726753,0.0,0.71859217,0.76870793,0.7111873,0.7595116,0.57309514,0.4072731,0.8073324,0.6729911,0.19767636,0.813075,0.5230648,0.0636527,0.83075815,0.48559365,0.7454409,0.9189877,0.22941123,0.48621073,0.9857857,0.2057295,0.3327073,1.0,0.0,0.23178746
0.4368963,0.825534,1.0,0.33113936,0.6147095,0.87973875,0.14553244,0.29081205,0.6796567,0.0,0.15240322,0.55029494,0.45248464,1.0,0.7114039,0.33295146,0.8458037,0.38631263,0.25980744,0.9713707,0.19726144,0.20048162,0.84868747,0.08595229,0.5863704,0.91133285,0.6976943,0.5733737,0.7446515,0.36151463,0.6006197,0.8830598,0.13756613,0.5961603,0.7562021,0.0,0.718617,0.76965725,0.71114683,0.7595704,0.5737605,0.40722516,0.80738735,0.67354757,0.19762117,0.8131693,0.52310973,0.06361058,0.8308672,0.48680803,0.745395,0.9191024,0.23042218,0.48614475,0.9858338,0.20645164,0.3326286,1.0,0.0,0.23174399
0.43713072,0.8251168,1.0,0.3311966,0.6146999,0.8797711,0.14540966,0.29101175,0.6797139,0.0,0.15152264,0.5502543,0.45244685,1.0,0.7114096,0.3326843,0.8451569,0.3863812,0.25935867,0.97063607,0.1973692,0.19996737,0.84735346,0.086095996,0.58638626,0.91181254,0.69764096,0.5732311,0.7449664,0.36148793,0.6003621,0.88373226,0.13754839,0.59586567,0.75640696,0.0,0.7187222,0.7705203,0.7110336,0.75954944,0.5744825,0.40710822,0.80725706,0.674439,0.1975006,0.8130084,0.5235013,0.06350663,0.8311116,0.48773414,0.7452287,0.9192523,0.23122406,0.485948,0.98588985,0.20714985,0.33241665,1.0,0.0,0.23156056
0.43739355,0.824985,1.0,0.33134004,0.61468047,0.8798009,0.14541784,0.2909136,0.679778,0.0,0.15096524,0.550312,0.45244634,1.0,0.71141773,0.33246613,0.8444618,0.3864669,0.25897986,0.9699388,0.19749533,0.19953161,0.84625363,0.08625169,0.58643156,0.91224205,0.6975938,0.57311463,0.74488205,0.36147422,0.60015017,0.88376355,0.13753869,0.5956562,0.756203,0.0,0.71884716,0.7713189,0.7109311,0.75952756,0.5749535,0.40701294,0.8071045,0.67494917,0.19740084,0.81281334,0.5235694,0.06342461,0.8313625,0.48864695,0.7450809,0.91940045,0.23192434,0.48578492,0.9859446,0.20775643,0.332242,1.0,0.0,0.23141417
0.43756905,0.82559466,1.0,0.33146167,0.6145748,0.87984645,0.14548962,0.2893841,0.67988384,0.0,0.14855003,0.55047566,0.4523611,1.0,0.7114027,0.33217785,0.8430141,0.38652346,0.25853777,0.96785694,0.19757028,0.1990467,0.8435194,0.08635868,0.5864085,0.91280496,0.6975319,0.5729358,0.74428517,0.36144423,0.5998305,0.8824142,0.13749634,0.5952703,0.7537427,0.0,0.7189218,0.7724767,0.71082723,0.759497,0.57526433,0.406923,0.80697596,0.674729,0.19729653,0.8126623,0.5225775,0.06335132,0.83158517,0.49027067,0.74495566,0.9195386,0.23297371,0.48565212,0.98598826,0.20841417,0.33209097,1.0,0.0,0.2313008
0.43779585,0.8267449,1.0,0.33164835,0.6151354,0.8799019,0.14561565,0.28887483,0.68002737,0.0,0.14763829,0.5507231,0.45240068,1.0,0.71138746,0.33208865,0.8413665,0.38657588,0.25834215,0.9651708,0.19763146,0.1988262,0.84012246,0.08645879,0.586481,0.9132791,0.69749016,0.5729025,0.74338126,0.36144507,0.5997187,0.88072604,0.1374817,0.5951768,0.75172526,0.0,0.71905303,0.77354443,0.7107654,0.7595603,0.57520443,0.40689072,0.8069779,0.6737392,0.19725153,0.81266844,0.52090466,0.06334061,0.83181536,0.49198145,0.7448977,0.91969883,0.23404565,0.48561198,0.9860533,0.20899843,0.33204114,1.0,0.0,0.23129892
0.43787327,0.8287891,1.0,0.33173007,0.61636347,0.87995577,0.14570937,0.2886257,0.68016225,0.0,0.1467019,0.55095166,0.45237535,1.0,0.7113516,0.33204323,0.83916473,0.38659093,0.2582846,0.96156144,0.19761862,0.19880593,0.83598214,0.08645796,0.586499,0.91379434,0.69745576,0.57290393,0.741798,0.3614521,0.5996976,0.87752473,0.13745683,0.59520245,0.7478737,0.0,0.7191322,0.77481556,0.71074384,0.7596483,0.57485324,0.40691277,0.8070497,0.6719253,0.19725306,0.81277055,0.5183079,0.06338307,0.8319876,0.4942614,0.74492216,0.91983896,0.23527016,0.48566985,0.9860959,0.20941246,0.33208042,1.0,0.0,0.23138516
0.43802837,0.83086157,1.0,0.33184272,0.6180813,0.88000894,0.14574336,0.28969646,0.68030083,0.0,0.1469984,0.55111486,0.45246398,1.0,0.711315,0.33209437,0.83752114,0.38659218,0.25835547,0.95865333,0.1975841,0.198909,0.8329198,0.08642207,0.5866355,0.91408217,0.69742155,0.5730282,0.74046,0.3614572,0.5998554,0.8746282,0.13743562,0.5954033,0.74453455,0.0,0.7193257,0.77566826,0.71072274,0.7598326,0.57445806,0.4069318,0.8072431,0.67026365,0.19725226,0.81299126,0.516362,0.06340571,0.8322473,0.4960939,0.74494463,0.9200266,0.23619401,0.485712,0.9861662,0.2094977,0.33209276,1.0,0.0,0.23142923
0.43825856,0.83090854,1.0,0.3319958,0.6182094,0.8800244,0.1457781,0.28992066,0.6803412,0.0,0.1470668,0.55115235,0.45262912,1.0,0.71130174,0.33225065,0.83730114,0.38657337,0.2585647,0.9584248,0.19754386,0.19915968,0.8325915,0.08636526,0.58682734,0.9141686,0.69739383,0.5732168,0.7403,0.3614261,0.600057,0.87399226,0.13740121,0.59556645,0.7429191,0.0,0.7195522,0.7758338,0.7106824,0.7600372,0.57449484,0.40688375,0.8074381,0.67025524,0.1971964,0.813177,0.51613003,0.06335356,0.83251673,0.49628425,0.74489635,0.92022336,0.23632663,0.48563477,0.9862551,0.20965068,0.3319845,1.0,0.0,0.23131847
0.43811426,0.8292782,1.0,0.33188283,0.6165218,0.8799675,0.14570749,0.28823432,0.6801961,0.0,0.14528225,0.55092746,0.45252183,1.0,0.71131855,0.3322503,0.83793104,0.38654667,0.25862738,0.9600707,0.19751516,0.19927545,0.8340917,0.08631013,0.58674634,0.91424716,0.6974139,0.5732565,0.7410633,0.36141524,0.60017246,0.87582517,0.13740836,0.59573746,0.7445445,0.0,0.71949863,0.77573025,0.7106993,0.76010853,0.57517296,0.4068827,0.8075991,0.6722547,0.19721954,0.81341267,0.5182,0.06335674,0.8325022,0.4954663,0.7448904,0.92026734,0.23596716,0.4855898,0.9862747,0.20994616,0.33192787,1.0,0.0,0.23123789
0.4379481,0.82896817,1.0,0.33176363,0.61601406,0.879933,0.14567149,0.28737542,0.68010044,0.0,0.14428644,0.55079687,0.4523808,1.0,0.7113129,0.3322418,0.8378845,0.3865116,0.25874993,0.9602989,0.19745131,0.19948512,0.834068,0.086222224,0.58663327,0.9143933,0.69741726,0.5732778,0.7411304,0.36141133,0.6003273,0.87607837,0.13740936,0.59599143,0.7445496,0.0,0.71941483,0.77595687,0.7107117,0.7601345,0.57554644,0.40689903,0.80771273,0.67308486,0.19724795,0.8135914,0.51893634,0.06338202,0.8324569,0.49558657,0.74490905,0.9202869,0.23614436,0.48560214,0.98629475,0.21027759,0.3319381,1.0,0.0,0.23125516
0.43841404,0.8276513,1.0,0.33211264,0.6148794,0.87991995,0.14583959,0.2865026,0.68006426,0.0,0.14388873,0.5507836,0.4526607,1.0,0.7113388,0.33238333,0.8389542,0.38656265,0.25894263,0.96266407,0.1975146,0.19969623,0.8365858,0.0862595,0.58701235,0.91439486,0.69738567,0.5735263,0.7418503,0.36138454,0.60058326,0.87760764,0.13740575,0.59624,0.74596167,0.0,0.71991247,0.77576435,0.710616,0.7605763,0.5759578,0.40679213,0.8082062,0.67417043,0.19716415,0.8140968,0.519791,0.0633045,0.833079,0.4948402,0.74473935,0.9207403,0.23600632,0.48536074,0.98653275,0.21069208,0.3316483,1.0,0.0,0.23095916
0.43872866,0.82751846,1.0,0.3323625,0.6145819,0.87994605,0.14593707,0.2860809,0.6801481,0.0,0.14324076,0.5508926,0.45287478,1.0,0.71134675,0.332474,0.83918643,0.3865919,0.25900432,0.96298325,0.1975509,0.19973831,0.8370004,0.08629478,0.58727735,0.91443527,0.697365,0.57367915,0.7420012,0.36136794,0.6006815,0.87754613,0.1373906,0.59628403,0.74566233,0.0,0.7202381,0.7758419,0.7105653,0.7608572,0.5762206,0.40674314,0.80849826,0.67432106,0.19712335,0.8143672,0.51970625,0.06328023,0.8334653,0.4949753,0.74465925,0.9210178,0.23631172,0.48524833,0.98667765,0.21090128,0.331509,1.0,0.0,0.23083343
0.43907282,0.8277456,1.0,0.3325841,0.6150853,0.8799818,0.14598873,0.28683856,0.6802313,0.0,0.14368017,0.5509689,0.4531407,1.0,0.71135163,0.3326492,0.8393542,0.38659492,0.25923163,0.9625307,0.19753172,0.19998497,0.83635557,0.08627886,0.587615,0.9144722,0.6973451,0.5739236,0.7422981,0.36135498,0.60092586,0.877405,0.13737915,0.5965003,0.7455236,0.0,0.7206531,0.77599853,0.71051985,0.7612354,0.5765915,0.40669745,0.8089091,0.6741573,0.19708185,0.81475526,0.5193718,0.0632603,0.83394593,0.4954965,0.7445903,0.9213966,0.23713632,0.4851486,0.9869059,0.21130456,0.3313854,1.0,0.0,0.23075669
0.43929523,0.8280235,1.0,0.33270204,0.61569613,0.8800015,0.14598793,0.2877077,0.68026346,0.0,0.14413446,0.55095875,0.45332026,1.0,0.71135163,0.33275366,0.83968556,0.38659108,0.2593813,0.96256495,0.1975081,0.20014621,0.8365018,0.08624575,0.5878747,0.91451085,0.69732916,0.5741352,0.7425944,0.3613416,0.60117215,0.87722325,0.13736653,0.59673196,0.7452675,0.0,0.720995,0.77616507,0.71048796,0.7616091,0.5769895,0.4066701,0.80939144,0.6740079,0.19706585,0.8152565,0.5189875,0.0632687,0.83435446,0.49605054,0.744544,0.92173165,0.23792875,0.48507127,0.98710877,0.21162954,0.33128297,1.0,0.0,0.23069568
0.4396238,0.8283675,1.0,0.33293205,0.61661726,0.8799955,0.14608166,0.2893563,0.6802334,0.0,0.14595547,0.55090076,0.4535832,1.0,0.7113398,0.3329537,0.8404859,0.3865422,0.25973573,0.9627845,0.19740637,0.20055474,0.8366053,0.08613022,0.5882637,0.91458535,0.69728976,0.5744482,0.7436064,0.36129612,0.60150635,0.87758946,0.13732643,0.5969538,0.74505246,0.0,0.7215127,0.77646166,0.71042126,0.76212245,0.57810915,0.40659004,0.809992,0.6747212,0.1969886,0.81582934,0.51977473,0.06320628,0.8349742,0.4970275,0.74445117,0.922244,0.23937532,0.48491192,0.98742765,0.21218292,0.33108193,1.0,0.0,0.23056562
0.4397934,0.82941544,1.0,0.3330602,0.6181559,0.8799765,0.14612105,0.29158932,0.6801761,0.0,0.14793518,0.5507595,0.45368022,1.0,0.7113339,0.33296707,0.8414866,0.3865205,0.25994915,0.96288913,0.19732855,0.20082222,0.8366024,0.08604997,0.58854157,0.9147399,0.6972553,0.5746435,0.7445346,0.361275,0.60181296,0.87746316,0.13730858,0.5972529,0.74518234,0.0,0.72197324,0.7770613,0.7103593,0.76261187,0.5797035,0.40654674,0.8106598,0.67568153,0.19696422,0.8165206,0.5211947,0.063200995,0.83557796,0.4988668,0.74436796,0.92277867,0.24169315,0.48478612,0.9878029,0.21299487,0.33093694,1.0,0.0,0.23055096
0.43956825,0.83113736,1.0,0.33290198,0.6197759,0.87993824,0.14602232,0.2930207,0.6800696,0.0,0.14822768,0.5504942,0.453405,1.0,0.71131647,0.33249342,0.8417334,0.38651115,0.2595212,0.9618206,0.19727787,0.2003608,0.8355907,0.08601079,0.58846074,0.91479886,0.69721955,0.57448995,0.7446775,0.36126631,0.6018069,0.87615186,0.13729347,0.59727234,0.7441522,0.0,0.722085,0.777542,0.71031004,0.7627492,0.58056253,0.40653187,0.81099254,0.6756524,0.19695851,0.8169134,0.5218399,0.063203804,0.8358338,0.50065047,0.7443216,0.9230069,0.24338603,0.48472825,0.9879893,0.21315445,0.330868,1.0,0.0,0.23057203
0.43971166,0.83285916,1.0,0.33303073,0.6217033,0.8799603,0.14606132,0.29545867,0.68014246,0.0,0.15059474,0.55055785,0.4534984,1.0,0.7112959,0.3325888,0.8409894,0.3864727,0.25985545,0.9591277,0.19715461,0.20081498,0.8324013,0.08588643,0.5885966,0.9146725,0.69718665,0.5745721,0.7439866,0.3612643,0.6020135,0.8739619,0.13727869,0.5975231,0.7420132,0.0,0.7222611,0.7775947,0.71027124,0.7630059,0.58046955,0.40655527,0.81159085,0.67501146,0.19700909,0.81775415,0.52216697,0.06324046,0.8360202,0.50156516,0.74429715,0.9231065,0.24399236,0.48472118,0.9880651,0.21289657,0.33085763,1.0,0.0,0.23060071
0.4397518,0.8340661,1.0,0.3331052,0.6230526,0.87995946,0.14610687,0.29732722,0.6801624,0.0,0.15271369,0.550579,0.45351994,1.0,0.7112895,0.33267874,0.84010303,0.38643685,0.2602017,0.9563802,0.19703373,0.20131713,0.82908636,0.08575522,0.5886436,0.9145961,0.6971768,0.57463306,0.74331594,0.36128038,0.60225147,0.8722187,0.1372867,0.5978996,0.7407165,0.0,0.72233045,0.7776536,0.7102618,0.7631089,0.58031815,0.40658867,0.8118712,0.6742998,0.19705756,0.81815916,0.5219924,0.0632874,0.83609146,0.5022327,0.74430114,0.9231377,0.24442624,0.4847495,0.9880992,0.21271576,0.33089265,1.0,0.0,0.23066644
0.43958864,0.8350389,1.0,0.33303213,0.6240224,0.87994033,0.14605123,0.2987831,0.68014944,0.0,0.1540628,0.5505108,0.45339507,1.0,0.71128637,0.33273992,0.83917147,0.38639188,0.2605914,0.9541046,0.19689143,0.20193768,0.82676667,0.085554026,0.58852506,0.91458875,0.69718766,0.57475513,0.74264526,0.3613267,0.6028519,0.87108064,0.13733956,0.5989258,0.74083966,0.0,0.7222124,0.77779883,0.7102896,0.7632018,0.58020705,0.40667942,0.8123713,0.6740214,0.19718988,0.81900567,0.52261716,0.06339911,0.83596116,0.5028597,0.74435514,0.9230512,0.24481672,0.48484403,0.9880756,0.21265143,0.33101,1.0,0.0,0.23081422
0.43940553,0.83596975,1.0,0.3329351,0.6248474,0.87992483,0.14601673,0.29971358,0.68012947,0.0,0.15493669,0.55046725,0.45325375,1.0,0.7112671,0.3328806,0.8383462,0.38630986,0.2611722,0.9523606,0.19668643,0.20282686,0.8252568,0.08525011,0.5883793,0.9146412,0.69718474,0.5748011,0.7420566,0.3613378,0.60320175,0.86968684,0.13734715,0.59950507,0.73955786,0.0,0.72205734,0.7780492,0.7103078,0.76326233,0.58023167,0.40674636,0.8128361,0.67419595,0.19728614,0.81985295,0.52403873,0.06345008,0.83579135,0.50358397,0.74440455,0.92293197,0.24520962,0.48491994,0.9880213,0.21257341,0.33109933,1.0,0.0,0.23092286
0.43877316,0.8402541,1.0,0.33245346,0.6288931,0.8799178,0.14582044,0.3030267,0.6800763,0.0,0.15722112,0.55031997,0.45275214,1.0,0.7111923,0.33262938,0.835695,0.3862171,0.26130068,0.9468437,0.19644651,0.20319033,0.8195618,0.08496514,0.58794785,0.91486907,0.6971718,0.5745989,0.739567,0.36138585,0.60335803,0.86420095,0.13734707,0.5999453,0.73428416,0.0,0.721681,0.7791338,0.7103779,0.7631063,0.57898766,0.40690216,0.8130547,0.6705278,0.19741546,0.8204563,0.5214104,0.06356117,0.83544147,0.5066535,0.74460936,0.92271346,0.2466822,0.48523265,0.98792356,0.21224739,0.33143288,1.0,0.0,0.23132922
0.43864617,0.84158534,1.0,0.33236,0.63020295,0.879924,0.14579287,0.3041998,0.68008333,0.0,0.15823281,0.55032176,0.45265883,1.0,0.71117324,0.33257788,0.83494586,0.38620642,0.26131028,0.94527155,0.1964069,0.20323628,0.8179902,0.08492261,0.5878714,0.9149541,0.69717056,0.5745661,0.7387888,0.36140415,0.6034004,0.8624619,0.13734873,0.6000624,0.73269963,0.0,0.72161746,0.7795028,0.7104007,0.76308125,0.5787013,0.4069527,0.81307596,0.66933525,0.19745834,0.82050854,0.5201347,0.063619606,0.83538324,0.5076683,0.74467194,0.92268175,0.24721695,0.48532924,0.9879107,0.21218129,0.3315357,1.0,0.0,0.23146005
0.43851057,0.8465205,1.0,0.33229044,0.6347035,0.880007,0.14580244,0.30791524,0.6802979,0.0,0.16125906,0.55061036,0.45254165,1.0,0.71110153,0.33253503,0.83165675,0.3862013,0.26141322,0.93893427,0.19631189,0.20345397,0.81166947,0.0848218,0.5877635,0.915282,0.6971438,0.57458395,0.73575747,0.3614787,0.6037157,0.85638994,0.13736986,0.6007117,0.72748035,0.0,0.7215162,0.7808593,0.71044284,0.7631046,0.57748926,0.40712425,0.81341666,0.66588885,0.19761041,0.82124317,0.5180418,0.06374908,0.83528286,0.5112493,0.74484825,0.9225907,0.24887715,0.48563546,0.98784876,0.21191159,0.33185992,1.0,0.0,0.23187183
0.4390342,0.84906244,1.0,0.33269092,0.6373078,0.8801176,0.14596494,0.3106463,0.6805996,0.0,0.16381274,0.55102587,0.4527984,1.0,0.7111035,0.33256862,0.83022296,0.38633135,0.26153162,0.9365195,0.19640712,0.2036838,0.8107011,0.0848405,0.5880518,0.91541225,0.6970968,0.5746218,0.73404646,0.36153162,0.6038093,0.8530866,0.13740237,0.6010004,0.72557884,0.0,0.7218591,0.78150094,0.7103553,0.76331127,0.5770887,0.4071461,0.8138642,0.6652661,0.19764397,0.8221041,0.5200906,0.06370342,0.8356856,0.5131025,0.7447601,0.9227508,0.2497402,0.48560062,0.9878934,0.21160792,0.3318206,1.0,0.0,0.23188189
0.44033906,0.8504621,1.0,0.33358228,0.6394343,0.8802977,0.14622636,0.3136484,0.6810687,0.0,0.16638653,0.5516189,0.453372,1.0,0.7111471,0.33231184,0.82953316,0.38661453,0.2609973,0.93505394,0.1967483,0.20304164,0.81051946,0.08517457,0.58872104,0.9155607,0.69696224,0.5745599,0.73339134,0.36153048,0.6035501,0.8514034,0.1374066,0.6007356,0.7250812,0.0,0.72269136,0.7820482,0.71004254,0.7635028,0.5773183,0.4068996,0.81380904,0.66480756,0.19739468,0.82194775,0.52044034,0.06346561,0.8367098,0.5145771,0.74430686,0.9231768,0.2505493,0.48511624,0.98802704,0.21122198,0.33129296,1.0,0.0,0.23138644
0.441564,0.85301286,1.0,0.33441728,0.6424233,0.8805013,0.14649898,0.31686178,0.681586,0.0,0.1688878,0.5522984,0.45391378,1.0,0.71115375,0.33215097,0.82800907,0.38683322,0.2606738,0.9317538,0.19697608,0.20268011,0.807994,0.08540028,0.5893596,0.91588277,0.6968139,0.5746262,0.7320889,0.36151746,0.60358024,0.84784365,0.13738227,0.6008386,0.72189677,0.0,0.7234907,0.7831095,0.70974684,0.7637776,0.5770051,0.40666786,0.8139294,0.66197264,0.19714238,0.821986,0.5171312,0.06328263,0.83770055,0.5171866,0.7439165,0.92362684,0.25215983,0.484717,0.988193,0.21110912,0.33085567,1.0,0.0,0.23102608
0.44178092,0.85492814,1.0,0.3344974,0.6447838,0.8805829,0.14648376,0.31930998,0.6817581,0.0,0.17071922,0.5524903,0.4538814,1.0,0.7111381,0.33198264,0.8270057,0.38687283,0.26064265,0.9292095,0.19695857,0.20277214,0.8057349,0.085351355,0.5893748,0.91623026,0.6967489,0.5745373,0.73126376,0.361506,0.603643,0.84487313,0.13735391,0.6010417,0.7186972,0.0,0.7235778,0.7841376,0.70963985,0.76378,0.57713634,0.40659967,0.8140368,0.65999585,0.19707017,0.82216936,0.5146114,0.063267596,0.8378722,0.5195676,0.74379766,0.92365795,0.25383168,0.48461652,0.98819536,0.2111915,0.330764,1.0,0.0,0.23101537
0.44195527,0.85552794,1.0,0.33444664,0.64615035,0.8806574,0.14633986,0.3207907,0.6818692,0.0,0.1712242,0.55254585,0.45381618,1.0,0.71115756,0.3317714,0.8264051,0.3869283,0.260569,0.9274266,0.19696817,0.20283034,0.8040696,0.08532681,0.5893685,0.91641164,0.69671077,0.5743924,0.730357,0.3614868,0.60360664,0.8418599,0.1373203,0.60113084,0.71519065,0.0,0.72365326,0.78463286,0.70954365,0.7637735,0.5776495,0.40654516,0.8141735,0.6601573,0.19703883,0.82246196,0.51537967,0.06323682,0.838038,0.5206839,0.7436553,0.9236966,0.25476262,0.48447838,0.988213,0.21128434,0.33063805,1.0,0.0,0.23094107
0.4421743,0.85526705,1.0,0.33455098,0.646172,0.88069016,0.1463389,0.32094696,0.6819337,0.0,0.17115629,0.55261236,0.45388418,1.0,0.71116465,0.33183435,0.8263418,0.38692835,0.26080093,0.9270954,0.19692846,0.20319185,0.80362445,0.08525448,0.5894491,0.91649485,0.69667804,0.57441163,0.7307216,0.361469,0.6036792,0.8423708,0.13731527,0.6012411,0.71566117,0.0,0.7237619,0.78477407,0.70946926,0.7638291,0.5779721,0.40647003,0.81428343,0.6605655,0.19697312,0.8226316,0.515885,0.06317038,0.838188,0.52085143,0.7435401,0.92374957,0.25497162,0.4843371,0.988225,0.21134073,0.33048844,1.0,0.0,0.23079525
